Date,Rolling_Correlation,Correlation_Z
2020-03-02,0.20148583795406536,1.7058423091599102
2020-03-03,0.2317979202335515,4.418018494189648
2020-03-04,0.2259657326362587,1.6699734456167594
2020-03-05,0.2246133218609736,1.2631778103421474
2020-03-06,0.24795070085429802,2.230932254328311
2020-03-09,0.32767335234234135,5.001754121923908
2020-03-11,0.32123554989493214,2.402720432894242
2020-03-12,0.5120396161573898,5.623928014812428
2020-03-13,0.5041669768342765,2.7518013274869193
2020-03-16,0.5664933636717118,2.665904838938603
2020-03-17,0.5541662923988517,2.0085807650114047
2020-03-18,0.5463109662911428,1.6753130894305055
2020-03-19,0.5338483139258132,1.4197889970063464
2020-03-20,0.5597819090282039,1.4725448586864525
2020-03-23,0.6357524046825446,1.8283034279368395
